doc_id,text,label,topic
h001,Education is the foundation of a successful society. Teachers design curricula that encourage critical thinking and collaboration. Many programs were implemented to support student learning.,human,EDUCATION
a001,Technology integration in classrooms has improved access to information. Digital tools are used to personalize learning paths. Student engagement has increased in many pilot programs.,ai,TECHNOLOGY
h002,Small businesses face the challenge of rising costs and uncertain demand. Local communities were supported by new grants last year. Entrepreneurs must adapt their strategies to survive.,human,ECONOMY
a002,Economic forecasts are being revised as markets respond to new policies. Analysts have observed shifts in consumer behavior. These changes were noted across multiple sectors.,ai,ECONOMY
h003,Climate change poses significant threats to coastal regions. Conservation efforts have been launched by several organizations. Local ecosystems were damaged after the recent storm.,human,ENVIRONMENT
a003,Environmental data was collected from various sites and analyzed thoroughly. The report suggests immediate action is necessary. Policymakers are being advised to prioritize sustainability.,ai,ENVIRONMENT
h004,Public health campaigns promote vaccination and hygiene. Communities were informed through targeted outreach programs. Vaccination rates improved as a result of these efforts.,human,HEALTH
a004,Healthcare systems are being modernized with better data tracking. Patients receive reminders for preventive care. Progress has been measured by improved health indicators.,ai,HEALTH
h005,Cultural festivals celebrate local traditions and crafts. Events were organized by community groups and volunteers. Visitors reported strong interest in heritage activities.,human,CULTURE
a005,New media platforms are reshaping cultural consumption and creative work. Artists are being supported by digital marketplaces. This shift has expanded audience reach globally.,ai,CULTURE
h006,Students were encouraged to collaborate on projects while developing research skills. Group presentations were assessed to build communication ability. Feedback was provided to guide improvement.,human,EDUCATION
a006,Automated tutoring systems provide instant feedback on student assignments. The algorithms have been trained on diverse educational materials. Results show improved accuracy in grading suggestions.,ai,TECHNOLOGY
h007,Economic policies were debated in parliament with experts offering evidence-based recommendations. Public consultations were conducted to gather opinions. Final proposals will be drafted next month.,human,POLITICS
a007,Policy modeling tools simulate the effects of proposed regulations. Scenarios are generated to test various outcomes. The simulations were validated against historical data.,ai,POLITICS
h008,Sustainable farming practices reduce soil erosion and improve yields. New techniques were adopted by farmers in several regions. Training sessions were held to demonstrate methods.,human,ENVIRONMENT
a008,Research teams are developing drought-resistant crop varieties. Field trials have been planted across multiple sites. Early results are being monitored for performance.,ai,ENVIRONMENT
h009,Healthcare workers were recognized for their service during the crisis. Community clinics expanded hours to meet demand. Support networks were established for frontline staff.,human,HEALTH
a009,Telemedicine platforms connect patients with specialists remotely. Appointments are scheduled automatically and records are stored securely. Usage statistics were aggregated weekly.,ai,TECHNOLOGY
h010,Social programs were introduced to address inequality and support employment. Scholarships were offered to students from underrepresented backgrounds. Long-term outcomes are being evaluated.,human,SOCIETY
a010,Community engagement initiatives are being coordinated through local hubs. Partnerships were formed between nonprofits and businesses. These collaborations have been praised for effectiveness.,ai,SOCIETY
