text,label
"Education is the foundation of a successful society. Through comprehensive learning programs, students can develop critical thinking skills and prepare for future challenges. Teachers play a crucial role in shaping young minds and fostering intellectual curiosity. Modern educational systems must adapt to technological advances while maintaining core pedagogical principles.",human
"The integration of technology in classrooms has revolutionized the learning experience. Digital tools enable personalized instruction and immediate feedback. Students can access vast resources online and collaborate with peers globally. Educational institutions are investing in infrastructure to support these innovations.",ai
"Climate change poses significant threats to our planet's ecosystems. Rising temperatures lead to melting ice caps and extreme weather patterns. Scientists emphasize the urgency of reducing carbon emissions and transitioning to renewable energy sources. International cooperation is essential to address this global challenge effectively.",human
"Environmental conservation requires collective action from governments, businesses, and individuals. Sustainable practices include reducing waste, protecting biodiversity, and investing in green technologies. Policy makers must balance economic growth with environmental protection to ensure a healthy planet for future generations.",ai
"Healthcare systems worldwide face increasing pressure from aging populations and emerging diseases. Medical professionals work tirelessly to provide quality care and advance treatment options. Preventive medicine and public health initiatives can reduce the burden on healthcare infrastructure. Access to affordable healthcare remains a fundamental human right that societies must protect.",human
"Technological advancements in medicine have improved diagnostic accuracy and treatment outcomes. Telemedicine enables remote consultations and expands access to medical expertise. Artificial intelligence assists in analyzing medical data and identifying patterns. The healthcare industry continues to evolve with innovative solutions addressing patient needs.",ai
"Economic stability depends on sound fiscal policies and sustainable growth strategies. Governments must balance taxation with public spending to support infrastructure and social programs. Small businesses contribute significantly to employment and innovation. Financial markets reflect investor confidence and economic indicators.",human
"Global trade networks connect economies and facilitate the exchange of goods and services. Supply chain management has become increasingly complex with international dependencies. Economic policies influence inflation rates, employment levels, and consumer behavior. Central banks use monetary tools to maintain economic stability.",ai
"Cultural diversity enriches societies by bringing together different perspectives and traditions. Art, music, and literature reflect the values and experiences of communities. Preserving cultural heritage while embracing modernity presents both challenges and opportunities. Cross-cultural dialogue promotes understanding and reduces conflict.",human
"The digital age has transformed how people communicate and share information. Social media platforms enable global connectivity but also raise concerns about privacy and misinformation. Cultural expressions now reach wider audiences through digital channels. Traditional and contemporary art forms coexist in the modern cultural landscape.",ai
"Democracy requires active participation from informed citizens who engage in civic discourse. Free and fair elections ensure government accountability and representation. Protecting civil liberties and human rights remains fundamental to democratic societies. Political institutions must adapt to changing social dynamics while upholding constitutional principles.",human
"Political systems vary widely across nations, reflecting historical and cultural contexts. Governance structures influence policy implementation and resource allocation. Electoral processes determine leadership and legislative priorities. International relations shape diplomatic strategies and global cooperation on shared challenges.",ai
"Technology drives innovation across industries, creating new opportunities and disrupting traditional business models. Software development enables automation and efficiency gains. Cybersecurity has become critical as digital infrastructure expands. Emerging technologies like artificial intelligence and blockchain promise transformative impacts.",human
"Digital transformation affects every sector of the economy, from manufacturing to services. Companies invest in technology to enhance productivity and customer experiences. The rapid pace of technological change requires continuous learning and adaptation. Innovation ecosystems foster collaboration between startups, corporations, and research institutions.",ai
"Social issues such as inequality, discrimination, and poverty require comprehensive solutions. Community organizations work to address local needs and empower marginalized groups. Education and employment opportunities can break cycles of disadvantage. Social justice movements advocate for systemic reforms and equal rights.",human
"Societal progress depends on inclusive policies that promote equity and opportunity for all. Urban planning must consider housing affordability, transportation access, and public services. Demographic shifts influence labor markets and social welfare programs. Communities thrive when diverse voices contribute to decision-making processes.",ai
"Public health initiatives focus on disease prevention and health promotion across populations. Vaccination programs have successfully controlled infectious diseases. Nutrition and lifestyle factors significantly impact long-term health outcomes. Mental health services are increasingly recognized as essential components of comprehensive healthcare.",human
"Educational technology enhances student engagement through interactive learning tools. Gamification and multimedia content make complex subjects more accessible. Online learning platforms provide flexibility for diverse learners. Assessment methods are evolving to measure skills beyond traditional testing formats.",ai
"Environmental sustainability requires balancing human needs with ecosystem preservation. Renewable energy sources reduce dependence on fossil fuels and lower emissions. Conservation efforts protect endangered species and natural habitats. Green infrastructure in urban areas improves quality of life and environmental resilience.",human
"Economic development strategies must prioritize both growth and sustainability. Investment in education and infrastructure supports long-term prosperity. Trade policies affect domestic industries and international competitiveness. Financial inclusion enables broader participation in economic opportunities and wealth creation.",ai
